<?xml version="1.0" encoding="UTF-8"?>
<!DOCTYPE suite SYSTEM "http://testng.org/testng-1.0.dtd">
<suite name="Suite">
  <test name="Test">
    <classes>
      <class name="com.backoffice.Tests.TestCase_Gold_Modify"/>
      <class name="com.backoffice.Tests.TestCase_Credit_FDRapidConnect"/>
      <class name="com.backoffice.Tests.TestCase_DCC_Six_Payment"/>
      <class name="com.backoffice.Tests.TestCase_Debit_Commercia"/>
      <class name="com.backoffice.Tests.API_Test"/>
      <class name="com.backoffice.Tests.TestCase_FSA_FDRapidConnect"/>
      <class name="com.backoffice.Tests.TestCase_EBT_Paymentech"/>
      <class name="com.backoffice.Tests.TestCase_Credit_Commercia"/>
      <class name="com.backoffice.Tests.Punch_Test2"/>
      <class name="com.backoffice.Tests.AddStore"/>
      <class name="com.backoffice.Tests.TestCase_Gold_Upload"/>
      <class name="com.backoffice.Tests.TestCase_Gold_View"/>
      <class name="com.backoffice.Tests.TestCase_Gift_BlackHawk"/>
      <class name="com.backoffice.Tests.TestCase_Fleet_FDRapidConnect"/>
      <class name="com.backoffice.Tests.TestCase_Credit_Amex"/>
      <class name="com.backoffice.Tests.TestCase_Prepaid_BlackHawk"/>
      <class name="com.backoffice.Tests.AddCredit"/>
      <class name="com.backoffice.Tests.LoginWithPageFactory"/>
    </classes>
  </test> <!-- Test -->
</suite> <!-- Suite -->
